feature,Neutral mass (Da),mz,Charge,rt,Chromatographic peak width (min),Identifications,Max Fold Change,Highest Mean,Lowest Mean,Isotope Distribution,Maximum Abundance,Minimum CV%
11.14_546.3562m/z,,546.356206340362,1,668.296000000002,0.0857500000000009,0,Infinity,2,Z,100 - 8.01,506.470225889767,7.47
11.16_279.2325m/z,,279.232539612283,1,669.325000000002,0.188633333333334,0,Infinity,3,Z,100 - 12,2420.09674354737,3.54
11.19_991.6750m/z,,991.674979219073,1,671.383000000002,0.102883333333333,0,Infinity,2,Z,100 - 51 - 10.8 - 0.551,5598.87226284306,6.46
11.10_570.3565m/z,,570.35646206915,1,666.238000000002,0.120050000000001,0,Infinity,2,Z,100 - 25.8,1478.61231512538,5.77
11.10_508.3407m/z,,508.340690462211,1,666.238000000002,0.1372,0,Infinity,2,Z,100 - 4.81,595.055711934487,7.96
11.12_235.1696m/z,,235.169602540088,1,667.267000000002,0.0514500000000009,0,Infinity,Z,SV,100,485.429000613248,6.39
11.24_303.2326m/z,,303.232633442099,1,674.4689999999999,0.102883333333333,0,Infinity,3,Z,100,571.90996544755,7.59
11.33_546.3561m/z,,546.356096763909,1,679.614,0.257249999999999,0,Infinity,2,Z,100 - 28.1 - 3.87,9026.81436122832,4.22
11.40_454.2936m/z,,454.293553591994,1,683.73,0.1372,0,Infinity,2,Z,100 - 16.8,1496.51880129562,4.93
11.19_498.3464m/z,,498.346391190355,1,671.383000000002,0.154333333333334,0,Infinity,2,Z,100 - 2.03,1003.06770443049,4.61
11.19_297.1475m/z,,297.147454502982,1,671.383000000002,0.102883333333333,0,Infinity,2,Z,100 - 18.4,432.613147522176,12.75
11.19_184.0742m/z,,184.074189946164,1,671.383000000002,0.0685833333333346,0,Infinity,2,Z,100,154.972792826163,10.77
10.89_543.3340n,543.33397932738,544.34125575938,1,653.203999999998,0.337283333333334,0,Infinity,3,Z,100 - 31.2 - 5.33 - 0.232,29297.5892918342,4.33
10.89_1063.6759m/z,,1063.67588317215,1,653.203999999998,0.1372,0,Infinity,2,Z,100 - 59.3 - 18.9 - 2.55,8791.94460396335,5.93
10.89_300.6349m/z,,300.63492315474,1,653.203999999998,0.0857499999999991,0,Infinity,2,Z,100,158.905455068656,9.26
10.80_417.1318m/z,,417.131773983988,1,648.0589999999979,0.1029,0,Infinity,3,Z,100,296.079314944006,8.23
10.85_478.2939m/z,,478.293855679576,1,651.145999999998,0.234383333333334,0,Infinity,2,Z,100 - 22.1,3034.10271287999,4.20
10.85_502.2950m/z,,502.295023487568,1,651.145999999998,0.217233333333335,0,Infinity,2,Z,100 - 24 - 0.244,2625.75790064156,4.14
10.90_520.5171m/z,,520.51714087227,1,654.2329999999979,0.0514499999999991,0,Infinity,2,Z,100,897.237456002991,5.53
10.90_289.1358m/z,,289.135825916897,1,654.2329999999979,0.0857500000000009,0,Infinity,2,Z,100,164.213192488217,8.74
10.90_542.3227m/z,,542.322669799966,1,654.2329999999979,0.0686,0,Infinity,3,Z,100,224.026653648317,9.95
10.90_519.3340n,519.334006964573,520.341283396573,1,654.2329999999979,0.525916666666665,0,Infinity,3,Z,100 - 31.9 - 6.53 - 0.863,97591.4108322465,3.69
10.90_288.6342m/z,,288.634212614884,1,654.2329999999979,0.165783333333334,0,Infinity,4,Z,100 - 36.1,1030.54725903547,2.33
10.90_548.3015m/z,,548.301519154193,2,654.2329999999979,0.0857500000000009,0,Infinity,2,Z,100 - 37 - 32.2,521.727786391047,9.67
11.48_570.3572m/z,,570.357154720517,1,688.875,0.0514500000000009,0,Infinity,3,Z,100,164.056226980291,10.82
11.50_1017.6918m/z,,1017.69180102211,1,689.904,0.154333333333334,0,Infinity,2,Z,100 - 57.9,2846.02089087065,3.83
11.50_1091.6002m/z,,1091.60023773603,1,689.904,0.171483333333333,0,Infinity,SCQC,Z,100 - 26.3,1543.82167145381,26.32
11.45_184.0742m/z,,184.074229335093,1,686.817,0.1029,0,Infinity,2,Z,100,261.811039845272,3.47
11.45_515.3154m/z,,515.315376765287,1,686.817,0.1029,0,Infinity,2,Z,100,183.255618874951,17.37
11.46_267.6480m/z,,267.647968156653,1,687.846,0.0686,0,Infinity,3,Z,100,81.2395218590199,21.24
11.76_521.3499n,521.349856981907,522.357133413907,1,705.337999999998,0.491633333333334,0,Infinity,2,Z,100 - 31 - 6.39 - 0.683,88935.0899410524,3.21
11.74_289.6422m/z,,289.642230276817,1,704.3089999999979,0.1715,0,Infinity,2,Z,100 - 35.5,1103.28713889485,4.33
11.74_1017.6924m/z,,1017.6923551088,1,704.3089999999979,0.1715,0,Infinity,2,Z,100 - 43.3 - 1.15,1980.9536228437,7.98
11.55_303.2327m/z,,303.232651201185,1,692.991,0.120033333333332,0,Infinity,3,Z,100 - 10.4,1011.32207464985,6.06
11.67_546.3570m/z,,546.356953492163,1,700.1929999999979,0.0857500000000009,0,Infinity,2,Z,100,425.913004254141,11.17
11.70_480.3103m/z,,480.310301315107,1,702.2509999999979,0.1029,0,Infinity,2,Z,100 - 20.4,1690.66811345827,3.27
11.43_1041.6917m/z,,1041.69171904012,1,685.788,0.0857500000000009,0,Infinity,2,Z,100 - 31.8,655.452145864356,9.37
11.45_495.3346n,495.334637547216,496.341913979216,1,686.817,0.617366666666666,0,Infinity,2,SV,100 - 34.6 - 7.72 - 1.44 - 0.15,447127.637982985,4.80
11.45_496.5134m/z,,496.513379418315,1,686.817,0.1372,0,Infinity,2,Z,100 - 8.83,7359.07364056942,4.58
11.41_385.3105m/z,,385.310510737278,1,684.759,0.188649999999999,0,Infinity,SCQC,Z,100 - 25.1,5444.11057207024,4.85
11.41_949.6298m/z,,949.629790641485,1,684.759,0.0686,0,Infinity,2,Z,100,294.295408509478,28.26
11.41_303.2330m/z,,303.232997245037,1,684.759,0.0514500000000009,0,Infinity,3,Z,100,220.517492246817,12.93
11.45_1019.6400m/z,,1019.64000389102,2,686.817,0.1372,0,Infinity,2,Z,100 - 90.5 - 82.6 - 51.6 - 23.9 - 4.69,6699.21273624364,5.34
11.45_771.9687m/z,,771.968677345648,2,686.817,0.154350000000001,0,Infinity,2,Z,100 - 78.3 - 71.1 - 36.8 - 12.7,3910.15134517445,5.47
11.45_496.6942m/z,,496.694167216468,1,686.817,0.0857500000000009,0,Infinity,2,Z,100,1594.58084258831,3.57
11.45_297.1476m/z,,297.147566380346,2,686.817,0.274383333333333,0,Infinity,SCQC,Z,100 - 30 - 41.4 - 9.09 - 0.719,4288.07195601331,2.52
11.45_524.3017m/z,,524.301708996018,2,686.817,0.205783333333333,0,Infinity,2,Z,100 - 51.9 - 51.9 - 21.5 - 7.29,4783.42189618876,4.32
11.45_991.9205m/z,,991.920531168841,1,686.817,0.0686,0,Infinity,2,Z,100 - 7.9,2071.29119988679,32.76
10.80_482.3251m/z,,482.325078356138,1,648.0589999999979,0.154350000000001,0,Infinity,2,Z,100 - 22,2571.47859859796,4.96
9.55_286.1436m/z,,286.143642925729,1,573.2890000000001,0.0685833333333328,0,Infinity,3,Z,100,178.56098392547,5.87
9.90_531.2746m/z,,531.274648542315,1,593.868,0.0857333333333337,0,Infinity,QC,Z,100 - 38.7,1545.56702030138,5.88
9.90_460.2697m/z,,460.26971741949,1,593.868,0.165783333333332,0,Infinity,QC,Z,100 - 17.9,1253.1972941902,7.44
9.47_583.2553m/z,,583.25529833522,1,568.1440000000002,0.1029,0,Infinity,3,Z,100 - 19.4,979.79659549734,6.43
9.47_251.1278m/z,,251.127765392832,1,568.1440000000002,0.0514499999999991,0,Infinity,3,Z,100,153.753956593383,7.13
9.47_209.1176m/z,,209.117585457136,1,568.1440000000002,0.0514499999999991,0,Infinity,QC,Z,100,150.606173606915,9.20
10.12_357.2791m/z,,357.27912291901,1,606.901000000002,0.0857500000000009,0,Infinity,1,Z,100,240.064609842076,7.93
10.24_468.3093m/z,,468.309319933874,1,614.104000000002,0.222933333333334,0,Infinity,2,Z,100 - 21.5 - 1.33,5929.76953115761,4.13
10.27_274.2745m/z,,274.274505469466,1,616.162000000002,0.360133333333334,0,Infinity,B,SV,100 - 14.6,5361.66866762672,5.60
9.90_846.4434m/z,,846.443400945512,1,593.868,0.120033333333332,0,Infinity,QC,Z,100 - 36.1,1254.26719551081,6.65
9.90_119.0864m/z,,119.086419229464,1,593.868,0.0685833333333328,0,Infinity,QC,Z,100,140.866342997078,7.47
9.90_432.2386m/z,,432.238619262155,1,593.868,0.0857333333333319,0,Infinity,QC,Z,100,184.344751679567,10.94
9.18_979.6127m/z,,979.612705456767,1,550.6519999999998,0.274383333333335,0,Infinity,2,Z,100,988.787520603115,81.32
9.21_387.1802m/z,,387.180223667273,1,552.7099999999998,0.308683333333333,0,Infinity,Z,SV,100 - 22.9 - 2.21,15274.4364605878,3.73
9.21_489.2268m/z,,489.226804840355,1,552.7099999999998,0.0857333333333337,0,Infinity,QC,Z,100 - 25.9,1110.70798785518,8.25
9.14_463.2331m/z,,463.233123540614,1,548.5939999999997,0.0857500000000009,0,Infinity,1,Z,100,569.700172028026,6.84
9.16_979.7247m/z,,979.724742021089,3,549.6229999999998,0.342983333333333,0,Infinity,2,Z,100 - 46.8,2968.74253014229,68.64
9.18_979.9465m/z,,979.94650899975,1,550.6519999999998,0.342983333333335,0,Infinity,2,Z,100,1743.64874394048,64.23
9.21_105.0705m/z,,105.070533854267,1,552.7099999999998,0.0514333333333337,0,Infinity,QC,Z,100,110.486312318045,7.26
9.21_404.2062m/z,,404.206247773918,1,552.7099999999998,0.0685833333333328,0,Infinity,SCQC,Z,100,191.197356888072,6.16
9.25_979.8359m/z,,979.83585664798,1,554.7670000000002,0.342983333333335,0,Infinity,2,Z,100,2198.84043084937,50.01
9.21_790.3789m/z,,790.378943389071,1,552.7099999999998,0.120033333333334,0,Infinity,SCQC,Z,100 - 29.1,1001.06700224794,5.34
9.21_432.2377m/z,,432.237663134298,1,552.7099999999998,0.154333333333334,0,Infinity,3,Z,100,627.856590901364,9.95
9.21_316.2479m/z,,316.247931967003,1,552.7099999999998,0.137183333333333,0,Infinity,QC,Z,100,360.24978708749,6.39
10.78_891.3836m/z,,891.383647565732,1,647.029999999998,0.1372,0,Infinity,3,Z,100 - 51.4 - 49.7 - 19.4 - 6.09,8342.00344711893,3.39
10.78_324.2170m/z,,324.217007863836,1,647.029999999998,0.1372,0,Infinity,3,Z,100 - 10.1,1261.016148152,5.43
10.78_331.1082n,331.108178720524,332.115455152524,1,647.029999999998,0.1372,0,Infinity,3,Z,100 - 1.65,1163.60290059572,4.07
10.78_166.0273n,166.027332125358,167.034521296687,1,647.029999999998,0.302983333333334,0,Infinity,3,Z,100 - 3.29,4465.08152209331,3.33
10.78_526.2938m/z,,526.293841508319,1,647.029999999998,0.1715,0,Infinity,QC,Z,100 - 23,1494.96386998021,3.92
10.78_138.0324n,138.032366418581,139.039718084465,1,647.029999999998,0.154349999999999,0,Infinity,3,Z,100 - 0.607,1763.76504880537,3.51
10.78_219.9904m/z,,219.990444410432,1,647.029999999998,0.120050000000001,0,Infinity,3,Z,100,343.855609158194,5.89
10.78_134.0607m/z,,134.060675434728,1,647.029999999998,0.0857500000000009,0,Infinity,3,Z,100,302.309065412541,4.83
10.80_568.3409m/z,,568.340937472773,1,648.0589999999979,0.2058,0,Infinity,3,Z,100 - 26.9 - 3.3,5451.56281585561,4.37
10.78_654.2575m/z,,654.257469244881,1,647.029999999998,0.1372,0,Infinity,3,Z,100 - 31.7 - 39.8 - 3.48,2277.34309273729,4.73
10.78_289.1396n,289.139611508603,579.292782460291,1,647.029999999998,0.120049999999999,0,Infinity,3,Z,100 - 18.1,1652.65221632797,4.48
10.78_889.3823m/z,,889.382325457014,1,647.029999999998,0.120049999999999,0,Infinity,3,Z,100 - 33.5,878.316257433416,10.83
10.39_519.3285m/z,,519.328544868532,1,623.364,0.0514333333333337,0,Infinity,2,Z,100,122.207242802005,27.12
10.51_312.2307n,312.230708655126,295.227420405126,1,630.567,0.1715,0,Infinity,3,Z,100 - 9.63,3406.65352759265,5.25
10.51_358.2957m/z,,358.295737609738,1,630.567,0.0857500000000009,0,Infinity,3,Z,100,470.287462174665,10.22
10.29_542.3255m/z,,542.325521566265,1,617.191000000002,0.137183333333333,0,Infinity,2,Z,100 - 25.1,2295.77409678915,5.12
10.29_518.3252m/z,,518.325238125165,1,617.191000000002,0.1029,0,Infinity,2,Z,100 - 16.2,927.861395029812,7.71
10.29_357.2795m/z,,357.279508905956,1,617.191000000002,0.0857500000000009,0,Infinity,1,Z,100 - 1.97,295.019709910536,9.40
10.70_522.3470m/z,,522.346978850546,1,641.886,0.0857333333333337,0,Infinity,2,Z,100,179.449206169419,9.93
10.72_545.3443m/z,,545.344340319782,1,642.913999999998,0.120033333333334,0,Infinity,3,Z,100,486.528855204599,6.63
10.78_278.1520n,278.152029705229,279.159306137229,1,647.029999999998,0.320133333333334,0,Infinity,3,SV,100 - 14.9 - 0.173,8703.72213131739,3.48
10.53_494.3255m/z,,494.325487693456,1,631.596,0.360133333333332,0,Infinity,2,Z,100 - 23 - 1.78,11188.6961801422,4.35
10.53_354.2646m/z,,354.264646238645,1,631.596,0.0857500000000009,0,Infinity,3,SV,100 - 9.35,589.120921619598,10.61
10.66_478.2933m/z,,478.293270975198,1,639.828,0.0514499999999991,0,Infinity,2,Z,100,142.39398630969,14.56
11.76_1098.6209n,1098.62089974025,550.317726302124,2,705.337999999998,0.1029,0,Infinity,2,Z,100 - 41 - 22.3,1219.10105455827,3.95
15.95_540.4623m/z,,540.462285000682,1,957.088999999998,0.234383333333334,0,Infinity,3,Z,100 - 5.59,1159.34153736819,9.42
15.97_581.2404m/z,,581.240373637211,1,958.117999999998,0.388733333333334,0,Infinity,4,Z,100 - 39.1 - 8.53,10005.6893935681,9.52
15.97_283.1080m/z,,283.107981246906,1,958.117999999998,0.200083333333332,0,Infinity,4,Z,100 - 12,964.779783729495,12.31
15.92_404.3740m/z,,404.373967625278,1,955.030999999998,0.114333333333333,0,Infinity,QC,Z,100 - 12.5,796.706609537947,3.18
15.92_586.5045m/z,,586.504535597086,1,955.030999999998,0.114333333333333,0,Infinity,3,Z,100 - 17.3,736.099080799692,11.44
15.92_358.3091n,358.309114413981,381.298180698264,1,955.030999999998,0.114333333333333,0,Infinity,QC,Z,100,413.085420473619,19.14
16.08_424.3423m/z,,424.342266498631,1,964.978000000002,0.337283333333334,0,Infinity,3,Z,100,544.025854161926,12.39
16.15_538.4470m/z,,538.447030474963,1,969.094000000002,0.102900000000002,0,Infinity,3,Z,100,250.102625774266,13.51
16.25_638.5350m/z,,638.535023860151,1,975.2680000000021,0.222933333333334,0,Infinity,3,Z,100 - 3.47,817.677317059273,16.44
15.97_584.2630m/z,,584.262992494086,1,958.117999999998,0.200083333333332,0,Infinity,4,Z,100 - 76.7 - 11.3,2399.80434933645,18.18
15.97_299.1393m/z,,299.139278983096,1,958.117999999998,0.131483333333334,0,Infinity,4,Z,100,328.281981663724,19.13
16.01_656.2269m/z,,656.226857625135,1,960.862999999998,0.0685833333333328,0,Infinity,SCQC,Z,100 - 31.1 - 6.06,756.150174276444,16.42
15.06_521.4201m/z,,521.420084221285,1,903.583999999998,0.154350000000001,0,Infinity,3,Z,100 - 10.4,943.126884971917,5.47
15.06_584.4901m/z,,584.490059907129,1,903.583999999998,0.1372,0,Infinity,3,Z,100 - 17.4,1019.40775085959,5.71
15.30_564.4617m/z,,564.461728753757,1,917.9890000000021,0.0857500000000009,0,Infinity,3,Z,100,355.633376919531,10.32
14.45_760.5035m/z,,760.503502666499,1,866.884000000002,0.0685833333333346,0,Infinity,QC,Z,100,243.150358381794,21.53
15.06_469.3895m/z,,469.389516093971,1,903.583999999998,0.165783333333332,0,Infinity,3,Z,100 - 13.3,949.790200033634,7.70
15.06_514.4475m/z,,514.447526107169,1,903.583999999998,0.165783333333332,0,Infinity,3,Z,100 - 13.5,991.426498555006,5.50
15.66_586.5050m/z,,586.504964384977,1,939.597,0.188650000000001,0,Infinity,3,Z,100 - 1.16,482.420785024332,11.55
15.76_568.4306m/z,,568.43064012789,1,945.771,0.154350000000001,0,Infinity,1,SV,100 - 32.1,940.024694476695,8.50
15.88_770.6688m/z,,770.66880011559,1,952.9739999999999,0.251533333333333,0,Infinity,3,Z,100 - 15.3,720.523080046948,16.56
15.33_478.4105m/z,,478.410508040157,1,920.0470000000021,0.188650000000001,0,Infinity,QC,Z,100 - 11.4,903.545651976878,12.63
15.42_514.4473m/z,,514.447285426185,1,925.1920000000019,0.291533333333334,0,Infinity,3,Z,100 - 16.8,2212.23251955013,5.44
15.44_586.5047m/z,,586.504747882813,1,926.221000000002,0.188633333333334,0,Infinity,3,Z,100 - 29.2,1422.53344164577,5.16
17.71_653.4416m/z,,653.441630247696,1,1062.3859999999981,0.1372,0,Infinity,QC,Z,100 - 33.7,1430.30098751128,4.48
17.71_698.4992m/z,,698.499248685437,1,1062.3859999999981,0.0857499999999973,0,Infinity,QC,Z,100 - 24.3,460.395538463934,9.80
17.93_366.3732m/z,,366.373217405951,1,1075.762000000002,0.268683333333332,0,Infinity,3,Z,100 - 8.83,662.592668063237,8.80
17.00_642.5655m/z,,642.565470966475,1,1020.1990000000019,0.405883333333332,0,Infinity,3,Z,100 - 5.88,1665.14247667485,17.22
17.31_670.4676m/z,,670.467610764072,1,1038.72,0.102900000000002,0,Infinity,QC,Z,100 - 33.1,1036.81204778878,8.64
17.31_625.4094m/z,,625.409385238249,1,1038.72,0.0857500000000009,0,Infinity,QC,Z,100 - 17.5,442.793838651761,10.96
18.52_429.3731m/z,,429.373067137774,1,1111.434,0.577366666666666,0,Infinity,1,Z,100 - 27.8 - 2,7611.71034116861,8.89
18.64_681.4733m/z,,681.473342377355,1,1118.6359999999981,0.120049999999999,0,Infinity,QC,SV,100 - 30.3,825.547821045035,6.79
18.64_726.5307m/z,,726.530681758702,1,1118.6359999999981,0.0857500000000009,0,Infinity,QC,Z,100 - 24,453.894210758475,20.42
17.95_445.3673m/z,,445.367287602025,1,1076.7919999999979,0.182933333333331,0,Infinity,1,Z,100 - 1.83,569.646845764523,2.24
18.18_429.3732m/z,,429.373180920959,1,1090.855000000002,0.274383333333336,0,Infinity,1,Z,100 - 20.1,2017.66977150953,6.03
18.18_653.4420m/z,,653.442049912112,1,1090.855000000002,0.120033333333335,0,Infinity,QC,Z,100 - 32.5,1026.34607937777,7.74
16.46_764.5788n,764.578779210022,803.542079941978,1,987.6149999999999,0.274383333333333,0,Infinity,3,Z,100 - 51.9 - 12 - 0.821,16132.1947607796,16.26
16.46_464.3726m/z,,464.372631992423,1,987.6149999999999,0.394433333333335,0,Infinity,3,SV,100 - 20.7,3769.34822252167,4.83
16.46_798.5861m/z,,798.586062204325,1,987.6149999999999,0.1372,0,Infinity,3,Z,100 - 35.7,1113.96917531537,15.67
16.37_640.5511m/z,,640.5510750346,1,982.47,1.13758333333333,0,Infinity,3,Z,100 - 28.3 - 0.753,9916.24148066379,6.58
16.46_436.3420m/z,,436.341971893022,1,987.6149999999999,0.480183333333333,0,Infinity,3,Z,100 - 28.4 - 4.38 - 0.146,85731.7474729954,6.30
16.46_390.2766n,390.276575421887,391.283851853887,1,987.6149999999999,0.497333333333334,0,Infinity,3,Z,100 - 24.1 - 3.18,24424.7309326318,9.51
16.80_374.3627m/z,,374.36273817561,1,1008.1939999999979,0.308683333333331,0,Infinity,QC,Z,100,621.504023856037,5.60
16.96_730.2437m/z,,730.243692485411,1,1017.454999999998,0.0628833333333318,0,Infinity,SCQC,Z,100 - 50.9,497.137949830324,16.21
16.97_102.1282m/z,,102.128178882163,1,1018.4839999999981,0.903200000000002,0,Infinity,SV,Z,100,1178.79031906578,22.84
16.58_542.4782m/z,,542.478206567701,1,994.8180000000001,0.205783333333333,0,Infinity,1,Z,100 - 18.8,1499.89379275418,8.71
16.77_330.3365m/z,,330.336478895406,1,1006.135999999998,0.748850000000001,0,Infinity,QC,SV,100 - 21.2 - 1.41,23863.009057422,3.41
16.77_383.3996m/z,,383.399599106642,1,1006.135999999998,0.102899999999998,0,Infinity,3,Z,100 - 18.5,545.652639704315,8.43
14.45_235.1328m/z,,235.13275050788,1,866.884000000002,0.137183333333335,0,Infinity,SCQC,Z,100,347.143380326584,5.30
12.14_510.3563m/z,,510.356256033633,1,728.661,0.222933333333334,0,Infinity,3,Z,100 - 24 - 1.28,4114.21447281604,4.98
12.61_525.3745m/z,,525.374537076188,1,756.4429999999979,0.188633333333334,0,Infinity,3,Z,100 - 12.6,2352.88279544511,5.31
12.81_534.2849m/z,,534.284887346844,1,768.790000000002,0.120049999999999,0,Infinity,QC,Z,100 - 30.4,2246.88907897113,5.65
12.06_464.3144m/z,,464.314400440328,1,723.517000000002,0.0857333333333337,0,Infinity,3,Z,100,373.168177216524,8.60
12.08_508.3768m/z,,508.376836840823,1,724.546000000002,0.205783333333335,0,Infinity,3,Z,100 - 25.2,4570.58022325652,3.33
12.09_506.3614m/z,,506.361416870356,1,725.575000000002,0.102883333333335,0,Infinity,3,Z,100,406.881152854041,7.63
12.92_311.1628m/z,,311.162840341028,2,774.964000000002,0.200083333333334,0,Infinity,3,Z,100 - 29.4 - 41.3 - 6.07,2426.70844145876,3.75
12.92_1102.6496n,1102.64960734839,1147.66159700634,1,774.964000000002,0.148633333333335,0,Infinity,3,Z,100 - 60.3 - 29.2 - 5.65,4963.59096173218,4.89
12.92_814.0151m/z,,814.01505721628,2,774.964000000002,0.0857499999999991,0,Infinity,2,Z,100 - 80.8 - 72 - 17.4,1186.55927684128,15.24
12.81_489.2270m/z,,489.227038355948,1,768.790000000002,0.1029,0,Infinity,QC,Z,100 - 26.3,1324.72774871039,4.78
12.86_482.3244m/z,,482.324413668515,1,771.877000000002,0.1715,0,Infinity,2,Z,100 - 20.4,2109.39208122623,4.17
12.92_523.3648n,523.36480558806,524.37208202006,1,774.964000000002,0.388733333333333,0,Infinity,3,SV,100 - 32.6 - 7.23 - 1.09 - 0.0163,149483.436772325,4.02
11.77_1003.7121m/z,,1003.71210873472,1,706.3669999999979,0.0686,0,Infinity,3,Z,100 - 28.5,596.643347393437,17.55
11.79_482.3612m/z,,482.361186420445,1,707.395999999998,0.2058,0,Infinity,3,Z,100 - 23.7 - 0.877,6552.84552331458,2.89
11.79_480.3455m/z,,480.345548170696,1,707.395999999998,0.205783333333333,0,Infinity,3,Z,100 - 22.7,5394.07590700096,3.48
11.76_522.5335m/z,,522.533516816945,1,705.337999999998,0.0514500000000009,0,Infinity,2,Z,100,544.672578969077,13.02
11.76_290.1448m/z,,290.144801691787,1,705.337999999998,0.120050000000001,0,Infinity,2,Z,100,230.394758707199,10.44
11.77_438.2995m/z,,438.299457187631,1,706.3669999999979,0.120049999999999,0,Infinity,3,Z,100 - 5.79,858.823933687517,5.93
11.91_324.2176m/z,,324.21757678377,1,714.598999999998,0.0857333333333337,0,Infinity,4,Z,100,218.593860453607,18.59
11.96_510.3567m/z,,510.356714856674,1,717.685000000002,0.217233333333335,0,Infinity,2,Z,100 - 19,2444.59734522073,4.67
12.06_548.3721m/z,,548.372114936573,1,723.517000000002,0.102883333333333,0,Infinity,3,Z,100 - 23.7,1302.59551812997,5.95
11.79_303.2327m/z,,303.232703801975,1,707.395999999998,0.120049999999999,0,Infinity,3,Z,100 - 11.5,1008.39213725098,5.66
11.79_1001.6944m/z,,1001.69441245798,1,707.395999999998,0.0857500000000009,0,Infinity,2,Z,100 - 32.7,602.901347014351,11.48
11.82_572.3726m/z,,572.372638428196,1,709.453999999998,0.0857499999999991,0,Infinity,3,Z,100 - 15.5,552.15541234288,6.08
13.37_510.3916m/z,,510.391583460109,1,802.402999999998,0.154349999999999,0,Infinity,3,Z,100 - 10.8,1302.21361698541,5.72
14.05_269.2261m/z,,269.226077565554,1,843.2189999999999,0.0685833333333328,0,Infinity,2,Z,100,146.448501995238,11.77
14.16_270.2791m/z,,270.279138712722,1,849.391999999998,0.0686,0,Infinity,Z,B,100,661.038842019524,8.47
13.32_508.3756m/z,,508.375638472058,1,799.315999999998,0.1029,0,Infinity,3,Z,100 - 1.82,441.618499553222,12.66
13.36_331.1898m/z,,331.18981446803,1,801.373999999998,0.1715,0,Infinity,3,Z,100 - 16.1,2615.13452820631,4.47
13.36_376.2478m/z,,376.247821530521,1,801.373999999998,0.1715,0,Infinity,3,Z,100 - 16.8,1834.0832951277,6.05
14.45_359.2446m/z,,359.244644984888,2,866.884000000002,0.137183333333333,0,Infinity,QC,Z,100 - 18.4 - 22.9,661.818404704998,7.38
14.45_714.6062m/z,,714.60624676278,1,866.884000000002,0.137183333333333,0,Infinity,QC,Z,100 - 15.7,692.974567230265,4.86
14.45_689.5228m/z,,689.522758857917,2,866.884000000002,0.0857333333333337,0,Infinity,QC,Z,100 - 79.3 - 70 - 26.2,1434.29990859855,5.91
14.35_337.1672m/z,,337.167218431481,1,860.710999999998,0.1029,0,Infinity,SCQC,Z,100,591.68300332678,3.80
14.45_330.2773n,330.277273355677,313.273985105677,1,866.884000000002,0.205783333333333,0,Infinity,QC,Z,100 - 13.4,3398.32170212584,5.36
14.45_524.3840m/z,,524.384041191909,2,866.884000000002,0.120033333333334,0,Infinity,QC,Z,100 - 51.4 - 47.8 - 11,1419.1800315386,6.02
12.97_302.3054m/z,,302.305429218984,1,778.051000000002,0.680249999999999,0,Infinity,QC,SV,100 - 15.5,7253.44385927984,4.80
12.97_606.2870m/z,,606.28695325063,1,778.051000000002,0.165783333333334,0,Infinity,SCQC,Z,100,502.741991472058,6.70
13.12_530.3477m/z,,530.347711004452,1,786.9689999999999,0.1029,0,Infinity,QC,Z,100 - 16,517.606785629136,11.97
12.92_1075.6980m/z,,1075.69799992753,2,774.964000000002,0.0857499999999991,0,Infinity,2,Z,76.5 - 100 - 91.4 - 43.6 - 6.45,1346.06161534447,25.61
12.92_524.5486m/z,,524.548644344334,1,774.964000000002,0.0857500000000009,0,Infinity,2,Z,100,1742.17487479733,3.19
12.92_340.2857m/z,,340.285651579236,1,774.964000000002,0.0857499999999991,0,Infinity,3,Z,100,287.204665043681,10.45
13.20_408.2297m/z,,408.229675864102,1,792.114,0.188633333333332,0,Infinity,3,Z,100 - 18.7,3242.66512376293,7.91
13.20_363.1717m/z,,363.171694000488,1,792.114,0.102883333333333,0,Infinity,3,Z,100,465.276371094259,6.48
13.30_466.3290m/z,,466.328994624967,1,798.286999999998,0.154333333333332,0,Infinity,3,Z,100 - 8.98,1037.29544846348,7.61
13.12_485.2897m/z,,485.289746260776,1,786.9689999999999,0.0686,0,Infinity,QC,Z,100,328.582898820434,5.03
13.13_550.3870m/z,,550.386972728016,1,787.998,0.1029,0,Infinity,3,Z,100 - 19.2,887.818735809233,3.36
13.20_251.0467m/z,,251.046699815761,1,792.114,0.240083333333333,0,Infinity,3,SV,100 - 10.3,5078.53974875701,4.97
0.96_384.9160m/z,,384.916018106267,1,57.78100000000002,0.08575,0,Infinity,SCQC,Z,100,405.552171142821,7.19
0.96_419.8201n,419.820103714685,420.827380146685,1,57.78100000000002,0.0971833333333334,0,Infinity,4,Z,100,672.74352544218,3.50
0.96_239.9102n,239.91015917745,222.90687092745,1,57.78100000000002,0.131483333333333,0,Infinity,4,Z,100,605.875529808692,5.72
0.96_246.9514m/z,,246.951357215008,1,57.78100000000002,0.131483333333333,0,Infinity,SCQC,Z,100,749.346566555668,2.99
0.96_220.9099m/z,,220.909907834561,1,57.78100000000002,0.148633333333333,0,Infinity,4,Z,100,650.588353580088,2.24
0.96_407.9531n,407.953129788299,408.960406220299,1,57.78100000000002,0.08575,0,Infinity,SCQC,Z,100,1113.31684087242,6.38
0.96_379.8723n,379.872267150394,418.830774423812,1,57.78100000000002,0.0971833333333334,0,Infinity,4,Z,100,465.56566115072,9.53
0.96_501.8220n,501.822006466657,502.829282898657,1,57.78100000000002,0.08575,0,Infinity,4,Z,100,616.727317485626,7.43
0.96_326.9574m/z,,326.957440784942,1,57.78100000000002,0.08575,0,Infinity,SCQC,Z,100,403.482753048373,5.72
0.96_461.8748n,461.874791302138,444.871503052138,1,57.78100000000002,0.08575,0,Infinity,4,Z,100,616.029108696452,8.96
0.96_403.9163n,403.916293444758,442.874043156978,1,57.78100000000002,0.08575,0,Infinity,4,Z,100,624.742244000707,6.56
0.96_221.9652n,221.965191711829,244.954412391829,1,57.78100000000002,0.165783333333333,0,Infinity,SCQC,Z,100 - 0.805,2857.00183592276,3.04
0.91_147.1138m/z,,147.113782204927,1,54.69400000000002,0.05145,0,Infinity,1,Z,100,99.8939714751965,10.58
0.93_268.9990m/z,,268.998966941838,1,55.72300000000002,0.165783333333333,0,Infinity,1,Z,100 - 5.63,4562.1660588066,4.94
0.91_130.0870m/z,,130.086965434221,1,54.69400000000002,0.05145,0,Infinity,1,Z,100,108.346494877373,10.18
0.91_278.9536m/z,,278.953567139909,1,54.69400000000002,0.05145,0,Infinity,1,Z,100,393.602317661893,26.39
0.91_360.9565m/z,,360.956514194277,1,54.69400000000002,0.05145,0,Infinity,4,Z,100,418.961426904609,50.18
0.93_186.9961m/z,,186.996110219522,1,55.72300000000002,0.200083333333333,0,Infinity,4,Z,100 - 0.404,1541.00706400209,4.05
0.93_254.9828m/z,,254.982807550106,1,55.72300000000002,0.1029,0,Infinity,1,Z,100,666.217181899299,17.47
0.93_104.9931m/z,,104.993140282888,1,55.72300000000002,0.148633333333333,0,Infinity,4,Z,100,432.662842223961,6.14
0.93_380.0000n,379.999975333873,344.986122393873,1,55.72300000000002,0.05145,0,Infinity,SCQC,Z,100 - 8.48,1654.29450722778,4.65
0.93_351.0018m/z,,351.001796068946,1,55.72300000000002,0.12005,0,Infinity,1,Z,100 - 3.21,1237.90279056046,5.07
0.93_394.0557n,394.055667542362,433.004531984974,1,55.72300000000002,0.12005,0,Infinity,3,Z,100 - 8.8,2107.74504263519,8.69
0.96_321.9127n,321.91270334942,360.871739021018,1,57.78100000000002,0.08575,0,Infinity,4,Z,100,393.750178563725,7.38
1.06_204.1231m/z,,204.123070325027,1,63.612,0.15435,0,Infinity,SCQC,Z,100,475.614762335613,5.03
1.06_372.7380m/z,,372.738043892068,1,63.612,0.114333333333333,0,Infinity,4,Z,100,316.18596697639,22.62
1.01_102.0345m/z,,102.034534241733,1,60.868000000000194,0.200083333333333,0,Infinity,3,Z,100,221.386222469479,21.24
1.00_140.0693m/z,,140.069264937989,1,59.83900000000002,0.0971833333333334,0,Infinity,4,Z,100,149.523698609429,9.40
1.01_181.0289m/z,,181.028878371424,1,60.868000000000194,0.234383333333333,0,Infinity,3,Z,100,344.421676158214,17.05
1.06_254.8237m/z,,254.823652194797,1,63.612,0.114333333333333,0,Infinity,4,Z,100,213.181213049656,12.78
1.09_118.0869m/z,,118.086914004672,1,65.67,0.165783333333333,0,Infinity,4,Z,100,272.515053274776,14.21
1.09_446.9246n,446.924553723159,447.931830155159,1,65.67,0.1715,0,Infinity,3,Z,100,1242.0998678902,7.36
1.08_135.0035m/z,,135.003549435996,1,64.641,0.12005,0,Infinity,3,Z,100,295.510109353723,3.86
1.06_430.6965m/z,,430.696473034481,1,63.612,0.114333333333333,0,Infinity,4,Z,100,300.821795172478,25.57
1.08_162.1131m/z,,162.113059971386,1,64.641,0.302983333333333,0,Infinity,1,Z,100,1296.75586486893,5.67
1.00_104.1077m/z,,104.107694740715,1,59.83900000000002,0.148633333333333,0,Infinity,1,Z,100,288.726935124583,7.49
0.96_525.8667n,525.866672144837,526.873948576837,1,57.78100000000002,0.0686000000000001,0,Infinity,4,Z,100,550.608398817999,6.44
0.96_396.7827m/z,,396.782676497056,1,57.78100000000002,0.114333333333333,0,Infinity,4,Z,100,316.669194429006,19.01
0.96_280.8654m/z,,280.865396766739,1,57.78100000000002,0.0971833333333334,0,Infinity,4,Z,100,218.374247785265,6.91
0.96_230.9384m/z,,230.938439781039,1,57.78100000000002,0.0686000000000001,0,Infinity,4,Z,100,179.737541363081,26.81
0.96_485.9194n,485.919360151514,468.916071901514,1,57.78100000000002,0.0686000000000001,0,Infinity,4,Z,100,563.182817434497,9.96
0.96_548.9212m/z,,548.921214915474,1,57.78100000000002,0.0686000000000001,0,Infinity,SCQC,Z,100,313.766264553614,10.93
0.98_191.0409m/z,,191.040938097792,1,58.81000000000002,0.165783333333333,0,Infinity,4,Z,100,526.114796292508,8.76
1.00_114.0670m/z,,114.066952810788,1,59.83900000000002,0.148633333333333,0,Infinity,SCQC,Z,100,252.659690223143,4.98
0.98_203.0532m/z,,203.053214254022,1,58.81000000000002,0.405866666666667,0,Infinity,1,Z,100 - 6.07,11307.9017152881,3.65
0.96_80.9481m/z,,80.9480824117969,1,57.78100000000002,0.114333333333333,0,Infinity,4,Z,100,88.7305431099601,20.00
0.96_642.7938m/z,,642.793791173671,1,57.78100000000002,0.0514500000000001,0,Infinity,SCQC,Z,100,218.239379356869,11.89
0.91_515.0070m/z,,515.006964488347,1,54.69400000000002,0.1029,0,Infinity,1,Z,100 - 8.78,1090.42696698705,14.79
0.11_89.5076m/z,,89.50755565821,1,6.33400000000002,0.8746,0,Infinity,SCQC,Z,100,6908.01308960625,11.58
0.11_97.5152m/z,,97.5151694013851,1,6.33400000000002,0.806,0,Infinity,SCQC,Z,100,713.218192443342,39.19
0.09_478.8655m/z,,478.865466074281,1,5.3050000000000015,0.257233333333333,0,Infinity,SCQC,Z,100,440.415681825361,65.71
0.09_165.9837m/z,,165.98370969799,1,5.3050000000000015,0.8746,0,Infinity,SCQC,Z,100,5330.10505657443,9.29
0.09_288.9093m/z,,288.909257053754,1,5.3050000000000015,0.668816666666667,0,Infinity,SCQC,Z,100,1463.19455900641,31.06
0.14_110.0211m/z,,110.021109170078,2,8.39200000000002,0.9089,0,Infinity,SCQC,Z,100 - 10.5,12514.5126168507,7.08
0.84_313.9638m/z,,313.963751100021,1,50.57800000000002,0.1029,0,Infinity,SCQC,Z,100 - 8.14,2679.1431902319,6.70
0.88_200.0238m/z,,200.023788168783,1,52.63600000000002,0.1715,0,Infinity,SCQC,Z,100 - 7.49 - 1.68,25232.6086765317,5.44
0.47_99.0141m/z,,99.0140946801462,1,27.942,0.8746,0,Infinity,SCQC,Z,100,2124.60439830615,7.77
0.17_159.9709m/z,,159.97086161008,1,10.449,0.82315,0,Infinity,SCQC,Z,100,1763.00882392955,9.55
0.28_188.9726m/z,,188.972586498229,1,16.623,0.82315,0,Infinity,SCQC,Z,100,1836.08056035434,12.44
0.07_315.9199m/z,,315.919866452411,1,4.276000000000002,0.497316666666667,0,Infinity,SCQC,Z,100,1128.70174163837,54.49
0.07_152.9726n,152.972615721845,153.979892153845,1,4.276000000000002,0.89175,0,Infinity,SCQC,Z,100 - 3.38,34440.6919897116,8.60
0.04_196.9876m/z,,196.987595089575,1,2.218000000000002,0.1029,0,Infinity,4,Z,100 - 3.73,3700.09484821557,122.29
0.04_198.0040m/z,,198.003991426242,1,2.218000000000002,0.05145,0,Infinity,SCQC,Z,100 - 32.7,2367.96719423675,10.87
0.04_214.9885m/z,,214.988498474134,1,2.218000000000002,0.668816666666667,0,Infinity,SCQC,SV,100 - 40.9 - 4.58,103632.368124327,9.34
0.04_346.9395n,346.939483128029,329.936194878029,1,2.218000000000002,0.89175,0,Infinity,SCQC,Z,100 - 13.2 - 5.46,64319.4756236455,7.57
0.04_346.9386m/z,,346.938571067444,1,2.218000000000002,0.85745,0,Infinity,SCQC,Z,93.6 - 100 - 31.9,14441.6158650027,9.83
0.07_127.9672m/z,,127.967235829819,1,4.276000000000002,0.8403,0,Infinity,SCQC,Z,100,1504.63276223689,6.32
0.07_130.9668m/z,,130.966800462935,1,4.276000000000002,0.565916666666667,0,Infinity,SCQC,Z,100,776.541594311807,34.57
0.07_420.8591m/z,,420.85909508604,1,4.276000000000002,0.75455,0,Infinity,SCQC,Z,100,6234.41723328004,0.93
0.04_167.9809m/z,,167.980922751749,1,2.218000000000002,0.8746,0,Infinity,SCQC,Z,100 - 57.6,6293.47492908409,8.56
0.07_419.8524m/z,,419.852440700877,1,4.276000000000002,0.85745,0,Infinity,SCQC,Z,100,5490.33920693947,12.08
0.88_297.9914m/z,,297.991428481817,1,52.63600000000002,0.12005,0,Infinity,3,Z,100 - 9.75 - 4.57,5452.87128523844,2.82
0.89_73.5324m/z,,73.5324240437948,2,53.66500000000002,0.08575,0,Infinity,3,Z,100 - 6.05,373.335117218039,5.18
0.89_61.0076m/z,,61.0076232195579,1,53.66500000000002,0.0686,0,Infinity,3,Z,100,246.960401575975,3.56
0.89_82.5378m/z,,82.537805315346,2,53.66500000000002,0.12005,0,Infinity,3,Z,100 - 6.32,659.383467656966,4.25
0.89_81.5216m/z,,81.5216436120156,2,53.66500000000002,0.12005,0,Infinity,SCQC,Z,100 - 11.8,4425.35342788163,4.03
0.89_165.0518m/z,,165.051799569774,1,53.66500000000002,0.12005,0,Infinity,3,Z,100 - 19 - 15.4,6421.5783216789,3.03
0.89_87.0165n,87.0164596028684,70.0131713528684,1,53.66500000000002,0.08575,0,Infinity,SCQC,Z,100,533.578715038904,10.31
0.91_90.5270m/z,,90.5269737253378,2,54.69400000000002,0.1372,0,Infinity,SCQC,Z,100 - 6.39,2294.68489960807,5.22
0.91_102.0350m/z,,102.035000782231,2,54.69400000000002,0.1372,0,Infinity,SCQC,Z,100 - 7,1980.14083174987,4.56
0.91_293.0984m/z,,293.09844000989,1,54.69400000000002,0.05145,0,Infinity,3,Z,100 - 12.6,2817.10432842553,15.90
0.89_94.0460m/z,,94.0460210263082,1,53.66500000000002,0.1029,0,Infinity,3,Z,100,312.384527523317,4.81
0.89_177.0080m/z,,177.008030699399,1,53.66500000000002,0.08575,0,Infinity,SCQC,Z,100,208.869203046976,8.50
0.88_83.5191m/z,,83.5190831166396,1,52.63600000000002,0.0686,0,Infinity,3,Z,100,107.402528567061,10.16
0.88_474.9752m/z,,474.975248594215,1,52.63600000000002,0.0686,0,Infinity,3,Z,100 - 8.49,966.797443739623,3.67
0.88_375.9990n,375.999046722966,414.953995413977,1,52.63600000000002,0.0686,0,Infinity,3,Z,100 - 3.47,889.799461346075,3.19
0.88_315.9792n,315.979186543475,316.986462975475,1,52.63600000000002,0.1029,0,Infinity,SCQC,Z,100 - 7.26,2327.7071666355,2.31
0.88_159.0392n,159.039203168711,124.025350228711,1,52.63600000000002,0.12005,0,Infinity,3,Z,100 - 13.6 - 10.8,6564.17173344062,4.17
0.88_218.0020n,218.002009730111,219.020569504427,1,52.63600000000002,0.320133333333333,0,Infinity,3,Z,100 - 4.26 - 4.6,6061.71389580532,4.93
0.88_533.9777n,533.977744458403,572.942397526791,1,52.63600000000002,0.0686,0,Infinity,3,Z,100 - 6.88,1178.38262131905,5.62
0.88_455.9807m/z,,455.980687793443,1,52.63600000000002,0.05145,0,Infinity,3,Z,100,543.187873119525,1.85
0.88_301.0088m/z,,301.008786218558,1,52.63600000000002,0.05145,0,Infinity,3,Z,100,378.957483789738,7.37
0.88_158.0550n,158.055041574747,181.029509105151,1,52.63600000000002,0.15435,0,Infinity,SCQC,Z,100 - 7.24 - 0.926,13169.3284755033,3.94
0.88_243.0459n,243.045928798714,301.98677244216,1,52.63600000000002,0.0686,0,Infinity,3,Z,100 - 17.5,793.546845108142,4.08
0.88_98.9763m/z,,98.9763492346948,1,52.63600000000002,0.1029,0,Infinity,3,Z,100,1546.98821591416,3.40
5.67_613.8095m/z,,613.809536829462,1,340.059,0.0685833333333337,0,Infinity,3,Z,100,362.558222145734,8.37
5.68_456.2593m/z,,456.259347922257,3,341.0869999999998,0.120033333333334,0,Infinity,3,Z,100 - 71.7,889.609110920349,7.67
5.68_481.2682m/z,,481.268243588386,3,341.0869999999998,0.120033333333334,0,Infinity,3,Z,100 - 67.4 - 6.41,1000.38896158874,6.88
5.31_313.1545m/z,,313.15447638711,1,318.4510000000002,0.137183333333334,0,Infinity,SCQC,Z,100 - 12.7,1451.91378199256,5.42
5.58_1210.6481n,1210.64807936225,404.556636219417,3,334.914,0.205783333333334,0,Infinity,3,Z,100 - 65.8 - 21.6 - 4.13,11608.9262859297,6.86
5.58_488.3188m/z,,488.318793606877,1,334.914,0.0686,0,Infinity,3,Z,100,321.006891557863,5.72
5.92_792.2033m/z,,792.203304676977,1,355.4929999999998,0.08575,0,Infinity,4,Z,100,661.818144188027,18.48
6.07_723.0307m/z,,723.03068970993,3,364.4110000000002,0.120033333333334,0,Infinity,3,Z,75.6 - 100 - 51.2 - 8.28,2074.65740961609,4.61
6.09_556.2765m/z,,556.276493521064,1,365.4400000000002,0.171483333333334,0,Infinity,SCQC,Z,100 - 30.7,5581.6710138171,4.25
5.89_471.7380m/z,,471.737960972623,2,353.43499999999983,0.165783333333333,0,Infinity,QC,Z,100 - 47.2 - 7.32,2120.8794252757,6.74
5.92_792.0018m/z,,792.001822017528,1,355.4929999999998,0.131483333333333,0,Infinity,4,Z,100,869.382438884095,10.28
5.92_791.8017m/z,,791.801659157531,1,355.4929999999998,0.1029,0,Infinity,4,Z,100,715.649577921745,15.38
4.39_290.1378m/z,,290.137810171938,1,263.2300000000002,0.1372,0,Infinity,4,Z,100 - 2.87,540.222964062347,18.18
4.52_329.9349m/z,,329.934923632766,1,271.461,0.154333333333334,0,Infinity,SCQC,Z,100,1518.63572574496,12.35
4.56_324.9934m/z,,324.993440968484,1,273.519,0.12005,0,Infinity,2,Z,100,374.352896919456,6.48
3.98_248.0695m/z,,248.069509011862,1,238.87800000000001,0.217233333333334,0,Infinity,3,Z,100 - 5.45,3037.35835678545,6.46
4.06_371.6796m/z,,371.679631832226,2,243.6799999999998,0.1372,0,Infinity,3,Z,100 - 35.2,1273.01783926795,7.64
4.15_245.1850m/z,,245.185016462596,1,248.82499999999982,0.0685833333333328,0,Infinity,3,Z,100,185.805717349586,8.71
4.94_549.7866m/z,,549.786577421612,2,296.15599999999984,0.114333333333333,0,Infinity,3,Z,100 - 47 - 3.3,1127.7188166382,10.26
4.95_354.1932m/z,,354.193209562401,3,297.18499999999983,0.182933333333333,0,Infinity,3,Z,100 - 58.7 - 13.5,2338.41896702325,10.06
4.99_475.2698m/z,,475.269834218341,3,299.2429999999998,0.0800333333333327,0,Infinity,3,Z,100 - 70.8,381.833884519489,10.90
4.82_340.1760m/z,,340.175991373091,1,288.954,0.205783333333334,0,Infinity,SCQC,Z,100 - 18.9,4880.74969574177,4.68
4.88_531.7556m/z,,531.755636912044,2,293.0689999999998,0.1029,0,Infinity,3,Z,100 - 40.8,563.966677426571,5.01
4.90_329.9345m/z,,329.93448402569,1,294.0979999999998,0.320116666666666,0,Infinity,B,Z,100,2498.38664409299,13.59
6.26_631.0112m/z,,631.011178175529,3,375.729,0.12005,0,Infinity,3,Z,100 - 95.2 - 41.2 - 4.97,1863.96028732723,7.97
8.62_1115.0588m/z,,1115.05877638201,1,517.0390000000001,0.154350000000001,0,Infinity,2,Z,100,1128.31601374917,25.07
8.63_585.2713m/z,,585.271270310332,1,518.0680000000002,0.274383333333335,0,Infinity,1,Z,100 - 35.8 - 5.07,10232.0951147529,4.26
8.63_1115.1839m/z,,1115.18394956983,2,518.0680000000002,0.188649999999999,0,Infinity,2,Z,100 - 12,1978.54554715716,32.79
8.53_246.2430m/z,,246.243015136955,1,511.89400000000023,0.0857500000000009,0,Infinity,QC,Z,100,156.935653516958,9.32
8.53_314.2322m/z,,314.232151867032,1,511.89400000000023,0.0686,0,Infinity,3,Z,100,107.472928912725,18.99
8.62_1115.3096m/z,,1115.30955883778,1,517.0390000000001,0.1715,0,Infinity,2,Z,100,1848.04617639164,20.34
8.91_817.5822m/z,,817.582190246846,1,534.531,0.0514500000000009,0,Infinity,SCQC,Z,100,286.071739171607,11.25
8.96_414.3002m/z,,414.300178511397,1,537.618,0.131483333333332,0,Infinity,3,Z,100 - 11.9,711.655353726281,8.22
8.96_432.3109m/z,,432.310944569964,1,537.618,0.0800333333333327,0,Infinity,3,Z,100,356.892173905267,4.90
8.63_1115.4352m/z,,1115.4352069806,1,518.0680000000002,0.1715,0,Infinity,2,Z,100,1589.63648409942,23.50
8.63_1115.5595m/z,,1115.55948632044,1,518.0680000000002,0.1372,0,Infinity,2,Z,100,988.206297140043,36.80
8.91_372.2662n,372.266238383055,355.262950133055,1,534.531,0.165783333333332,0,Infinity,SCQC,Z,100 - 19.7,3783.50050182783,3.63
7.00_205.1229m/z,,205.122870492536,1,419.9740000000002,0.131483333333334,0,Infinity,2,Z,100,384.871866237327,11.11
7.05_110.0208m/z,,110.020793743616,2,422.718,6.20803333333333,0,Infinity,SV,Z,100 - 9.97,112101.45257582,5.44
7.08_354.1287m/z,,354.128743064599,1,424.776,0.08575,0,Infinity,4,Z,100 - 7.06,366.980495275067,11.94
6.30_528.2794m/z,,528.279373068296,2,377.78700000000003,0.205783333333334,0,Infinity,3,Z,100 - 58.4 - 18.2 - 2.51,8733.81572614505,6.45
6.45_182.0717n,182.071710131678,183.078986563678,1,387.048,0.154333333333334,0,Infinity,SCQC,Z,100,1107.51438659294,4.50
6.45_98.9852m/z,,98.9851837544466,1,387.048,0.120033333333334,0,Infinity,SCQC,Z,100,343.669033844587,9.12
7.17_351.0528m/z,,351.052795009335,1,429.921,0.08575,0,Infinity,2,Z,100,367.376755309925,5.18
8.22_223.0969m/z,,223.096906167461,1,493.3729999999998,0.0686,0,Infinity,1,Z,100,181.710920925672,12.32
8.50_616.2542n,616.254210330253,617.260954295021,1,509.8360000000002,0.0857500000000009,0,Infinity,3,Z,100 - 22.7,1552.02083757751,5.82
7.15_527.1362m/z,,527.136160284501,1,428.892,0.05145,0,Infinity,2,Z,100,281.675452315216,13.18
7.17_219.1018m/z,,219.101774545035,1,429.921,0.1372,0,Infinity,2,Z,100,774.236863412465,4.73
7.17_191.1071m/z,,191.10707501377,1,429.921,0.0686,0,Infinity,2,Z,100,221.517356843067,12.70
1.47_120.0815m/z,,120.081541404767,1,88.30699999999979,0.291533333333333,0,Infinity,SCQC,Z,100 - 7.06,3659.4322109335,4.34
1.47_166.0868m/z,,166.086818646591,1,88.30699999999979,0.274383333333333,0,Infinity,QC,Z,100 - 7.57,3458.25252415346,3.78
1.35_500.9750m/z,,500.974977362129,1,81.1039999999998,0.754566666666667,0,Infinity,3,Z,100 - 19.8,10108.6992144392,3.02
1.27_691.0092m/z,,691.009200468828,1,75.96000000000001,0.222933333333333,0,Infinity,3,Z,100 - 26.3,2611.98757079196,12.41
1.32_131.9306m/z,,131.930589353775,1,79.0459999999998,0.394433333333333,0,Infinity,SCQC,Z,100,1199.85222780376,16.86
1.47_103.0548m/z,,103.054814200257,1,88.30699999999979,0.15435,0,Infinity,QC,Z,100,418.294751285492,2.81
1.95_152.0707m/z,,152.070710297109,1,117.1180000000002,0.0857333333333334,0,Infinity,2,Z,100,185.595028702879,20.17
1.97_181.0720m/z,,181.071976529587,1,118.14700000000019,0.131483333333333,0,Infinity,2,Z,100,433.534125278567,11.53
1.68_167.9801m/z,,167.980099479697,1,100.6540000000002,3.78998333333333,0,Infinity,SV,Z,100,11766.5754068824,9.39
1.51_181.0722m/z,,181.072192782046,1,90.36499999999981,0.1029,0,Infinity,2,Z,100,283.825527464521,9.28
1.66_215.0241m/z,,215.024132454959,1,99.6259999999998,0.188633333333333,0,Infinity,SCQC,Z,100,1290.74060668871,10.94
1.27_346.0090m/z,,346.008982147103,1,75.96000000000001,0.651666666666667,0,Infinity,3,Z,100 - 10.4,13919.7812073219,9.21
1.13_182.0815m/z,,182.08149969762,1,67.72800000000001,0.22295,0,Infinity,SCQC,Z,100,606.131822765875,5.24
1.13_293.0975m/z,,293.097491351692,1,67.72800000000001,0.274383333333333,0,Infinity,3,Z,100,1233.51025055146,30.07
1.11_389.9732m/z,,389.973240522073,1,66.699,0.388716666666667,0,Infinity,3,Z,100 - 5.46,3986.9355278623,6.50
1.09_315.0795m/z,,315.07954545807,1,65.67,0.1715,0,Infinity,3,Z,100,702.998170578322,29.46
1.09_236.9980m/z,,236.997963768252,1,65.67,0.182933333333333,0,Infinity,3,Z,100,576.06047924863,10.99
1.13_130.0506m/z,,130.050563763004,1,67.72800000000001,0.165783333333333,0,Infinity,4,Z,100,197.757472581701,14.72
1.23_86.0969m/z,,86.0969037472304,1,73.902,0.0857333333333334,0,Infinity,3,Z,100,157.380802109949,5.96
1.23_295.0102m/z,,295.010216477029,1,73.902,0.308683333333333,0,Infinity,SCQC,Z,100,686.682483137075,38.10
1.20_270.9650m/z,,270.965006404227,1,71.844,0.371566666666667,0,Infinity,1,Z,100,1029.13645952724,7.60
1.15_165.0542m/z,,165.05421279943,1,68.757,0.1715,0,Infinity,3,Z,100,213.247084893647,9.23
1.16_367.9911m/z,,367.991061755453,1,69.786,0.274383333333333,0,Infinity,3,Z,100 - 8.21,2335.57887703696,5.34
3.96_255.6550m/z,,255.65504358445,2,237.849,0.114333333333334,0,Infinity,3,Z,100 - 11.1,383.313835775838,8.12
2.12_351.5253m/z,,351.525335305065,3,127.065,0.154333333333333,0,Infinity,3,Z,100 - 40.8,952.04409125295,8.90
2.51_267.0421m/z,,267.042135628369,1,150.7309999999998,0.12005,0,Infinity,QC,Z,100,208.656642761562,7.52
2.07_159.0919m/z,,159.091897458724,1,123.97800000000001,0.120033333333333,0,Infinity,QC,Z,100,208.943199169227,4.36
2.07_319.0369m/z,,319.036903095145,1,123.97800000000001,0.137183333333333,0,Infinity,SCQC,Z,100,393.821865695556,9.17
2.07_143.0730m/z,,143.073046670241,1,123.97800000000001,0.08575,0,Infinity,QC,Z,100,115.989608190785,8.55
3.04_195.0877m/z,,195.087650389826,1,182.2849999999998,0.200083333333333,0,Infinity,2,Z,100 - 2.34,1434.2518014661,11.10
3.96_334.6896m/z,,334.689608992096,2,237.849,0.182933333333334,0,Infinity,3,Z,100 - 31.2,1801.21162496353,8.07
3.96_352.8648m/z,,352.864816882339,3,237.849,0.165783333333334,0,Infinity,3,Z,100 - 49.9 - 5.99,1489.67879294261,10.76
3.96_421.2545m/z,,421.254523776239,1,237.849,0.131483333333334,0,Infinity,3,Z,100 - 18.7,837.860927231289,9.80
3.21_244.6636m/z,,244.66359119973,2,192.57499999999982,0.12005,0,Infinity,3,Z,100 - 8.9,437.253875400931,8.28
3.81_415.1950m/z,,415.194974216348,2,228.588,0.08575,0,Infinity,3,Z,100 - 29.8,494.355890364845,10.84
3.93_501.2531m/z,,501.253116939016,3,235.791,0.08575,0,Infinity,3,Z,100 - 55.2,517.185678242697,14.30
2.07_163.0637n,163.06373949123,205.097205286598,1,123.97800000000001,0.268683333333333,0,Infinity,QC,Z,100 - 8.47,3901.26026385278,3.63
2.07_144.0811m/z,,144.081083628877,1,123.97800000000001,0.154333333333333,0,Infinity,QC,Z,100,523.636497908468,5.41
2.03_329.9352m/z,,329.935177246223,1,121.92,0.148633333333333,0,Infinity,SV,Z,100 - 1.36,18880.3709150917,12.00
2.03_99.5129m/z,,99.5128705694431,1,121.92,4.4188,0,Infinity,SV,Z,100,10879.0099054642,0.38
2.08_117.0578m/z,,117.057760995263,1,125.007,0.0686,0,Infinity,QC,Z,100,86.6664104784395,10.89
2.07_187.0636n,187.063597134499,188.071010998393,1,123.97800000000001,0.388716666666667,0,Infinity,QC,Z,100 - 11.5,11130.7775662835,5.08
15.11_519.3719m/z,,519.371866089251,1,906.670999999998,0.154333333333334,0,525.644259050462,Z,B,100 - 16.3,10717.3381811659,10.87
9.90_415.2122m/z,,415.212152085974,1,593.868,0.320116666666667,0,237.900496688666,QC,SV,100 - 25.1 - 3.05,14135.4484344367,4.37
0.88_140.0032m/z,,140.00315392533,1,52.63600000000002,0.1372,0,165.692151546924,3,Z,100 - 4.68 - 0.616,28267.255825161,3.30
15.11_474.3138m/z,,474.313805540569,1,906.670999999998,0.0857499999999991,0,85.333340158992,Z,B,100,2867.2414352007,10.07
18.03_340.3575m/z,,340.357462372914,1,1081.5940000000019,0.371583333333334,0,82.4026980748761,3,SSS,100 - 4.6,990.298479460443,6.52
0.04_146.9891n,146.989080668022,169.978301348022,1,2.218000000000002,0.9089,0,27.0135511231334,SCQC,Z,100 - 6.62 - 8.39,57218.152971203,8.36
0.07_172.9788n,172.978773552713,155.975485302713,1,4.276000000000002,0.92605,0,23.3300290366131,SCQC,Z,100 - 7.37,412792.331941676,7.80
0.04_128.9518m/z,,128.951819683042,1,2.218000000000002,0.9089,0,19.5273827068857,SCQC,Z,100 - 9.21,32089.2221272017,7.96
14.95_271.2750m/z,,271.275023103029,1,896.7239999999999,0.0514500000000009,0,18.6945052284643,Z,B,100,682.643208503666,9.25
2.03_128.9514m/z,,128.951362613071,1,121.92,0.81745,0,17.1579021716083,SV,Z,100 - 1.08,33648.240655592,4.23
0.26_207.9914n,207.991360255596,172.977507315596,1,15.594000000000001,0.9089,0,13.7119146773452,SCQC,Z,100,11224.2395949957,7.00
0.07_148.9785n,148.978502642004,113.964649702004,1,4.276000000000002,0.89175,0,13.5476931212293,SCQC,Z,100 - 11.6,24552.5748249906,8.94
0.88_120.0344n,120.034400195697,184.046367340167,1,52.63600000000002,0.1372,0,12.6603700249915,3,SV,100 - 13.4 - 17.7,10410.9733138995,4.12
2.03_169.9776m/z,,169.977648694684,1,121.92,3.57848333333333,0,11.2017422785849,SV,Z,100 - 6.48 - 9.18,119011.869080918,2.79
16.77_337.3341n,337.334067696464,338.341344128464,1,1006.135999999998,0.405883333333332,0,9.90344078555354,SCQC,SSS,100 - 18.3 - 0.363,5854.06001305772,9.29
16.49_416.3734m/z,,416.373373153225,1,989.673,0.377283333333331,0,6.88694473440152,SCQC,3,100 - 15.7,4204.5189305982,2.40
15.42_194.1182m/z,,194.118207900318,1,925.1920000000019,1.17758333333333,0,5.59922454116296,Z,2,100,4716.59581272337,8.09
11.89_205.0866m/z,,205.086625371222,1,713.569999999998,0.148633333333333,0,5.22260401251954,SCQC,Z,100,638.686918129149,4.31
17.12_164.1438m/z,,164.14383631146,1,1027.402000000002,0.971799999999998,0,4.89279017303764,Z,2,100 - 1.49,26655.6845786881,0.39
11.89_279.1596m/z,,279.159602981004,1,713.569999999998,0.217233333333333,0,4.61962023334634,SCQC,Z,100 - 4.69,1845.90680423754,3.65
17.24_135.1046m/z,,135.104573230567,1,1034.604,2.49236666666667,0,4.26466263200721,Z,2,100,5486.14988836412,6.35
11.34_131.5345m/z,,131.534479886498,1,680.6429999999999,0.257233333333334,0,3.54555054955068,Z,2,100 - 1.34,1360.70349585129,4.32
17.14_150.1284m/z,,150.128384008369,1,1028.4310000000019,3.66425,0,3.43606650770415,Z,2,100 - 9.07,107565.102782117,0.69
12.49_131.5345m/z,,131.53453219041,1,749.239999999998,1.16043333333333,0,3.24012048966925,SV,Z,100 - 21.8,9749.91506759352,2.86
17.19_136.1127m/z,,136.112711876568,1,1031.518000000002,2.25228333333333,0,3.15354926214749,Z,2,100 - 8.53,42645.5689520514,4.36
17.16_178.1595m/z,,178.15953444159,1,1029.4600000000019,3.28696666666666,0,2.91913922559117,Z,2,100 - 11.6,104155.700338644,3.53
17.50_124.0878m/z,,124.087769861033,1,1050.039,1.50343333333333,0,2.89446298030745,Z,2,100 - 2.07,131277.541838835,5.03
18.46_663.4549m/z,,663.454880275273,1,1107.318,0.685966666666669,0,2.8768404601547,SCQC,2,100 - 28.5,7206.74377489991,4.10
12.01_111.0212m/z,,111.021187615352,2,720.430000000002,1.16043333333333,0,2.67195436254045,SV,2,100 - 10.3,30513.4867520859,5.01
17.50_138.1033m/z,,138.103253456274,1,1050.039,1.39481666666667,0,2.26283401286308,Z,2,100,4424.85415701926,3.06
